[{"pk": 13, "model": "auth.permission", "fields": {"codename": "add_logentry", "name": "Can add log entry", "content_type": 5}}, {"pk": 14, "model": "auth.permission", "fields": {"codename": "change_logentry", "name": "Can change log entry", "content_type": 5}}, {"pk": 15, "model": "auth.permission", "fields": {"codename": "delete_logentry", "name": "Can delete log entry", "content_type": 5}}, {"pk": 4, "model": "auth.permission", "fields": {"codename": "add_group", "name": "Can add group", "content_type": 2}}, {"pk": 10, "model": "auth.permission", "fields": {"codename": "add_message", "name": "Can add message", "content_type": 4}}, {"pk": 1, "model": "auth.permission", "fields": {"codename": "add_permission", "name": "Can add permission", "content_type": 1}}, {"pk": 7, "model": "auth.permission", "fields": {"codename": "add_user", "name": "Can add user", "content_type": 3}}, {"pk": 5, "model": "auth.permission", "fields": {"codename": "change_group", "name": "Can change group", "content_type": 2}}, {"pk": 11, "model": "auth.permission", "fields": {"codename": "change_message", "name": "Can change message", "content_type": 4}}, {"pk": 2, "model": "auth.permission", "fields": {"codename": "change_permission", "name": "Can change permission", "content_type": 1}}, {"pk": 8, "model": "auth.permission", "fields": {"codename": "change_user", "name": "Can change user", "content_type": 3}}, {"pk": 6, "model": "auth.permission", "fields": {"codename": "delete_group", "name": "Can delete group", "content_type": 2}}, {"pk": 12, "model": "auth.permission", "fields": {"codename": "delete_message", "name": "Can delete message", "content_type": 4}}, {"pk": 3, "model": "auth.permission", "fields": {"codename": "delete_permission", "name": "Can delete permission", "content_type": 1}}, {"pk": 9, "model": "auth.permission", "fields": {"codename": "delete_user", "name": "Can delete user", "content_type": 3}}, {"pk": 16, "model": "auth.permission", "fields": {"codename": "add_contenttype", "name": "Can add content type", "content_type": 6}}, {"pk": 17, "model": "auth.permission", "fields": {"codename": "change_contenttype", "name": "Can change content type", "content_type": 6}}, {"pk": 18, "model": "auth.permission", "fields": {"codename": "delete_contenttype", "name": "Can delete content type", "content_type": 6}}, {"pk": 22, "model": "auth.permission", "fields": {"codename": "add_chapter", "name": "Can add chapter", "content_type": 8}}, {"pk": 31, "model": "auth.permission", "fields": {"codename": "add_event", "name": "Can add event", "content_type": 11}}, {"pk": 28, "model": "auth.permission", "fields": {"codename": "add_eventset", "name": "Can add event set", "content_type": 10}}, {"pk": 40, "model": "auth.permission", "fields": {"codename": "add_systemlog", "name": "Can add system log", "content_type": 14}}, {"pk": 34, "model": "auth.permission", "fields": {"codename": "add_team", "name": "Can add team", "content_type": 12}}, {"pk": 37, "model": "auth.permission", "fields": {"codename": "add_teampost", "name": "Can add team post", "content_type": 13}}, {"pk": 25, "model": "auth.permission", "fields": {"codename": "add_userprofile", "name": "Can add user profile", "content_type": 9}}, {"pk": 23, "model": "auth.permission", "fields": {"codename": "change_chapter", "name": "Can change chapter", "content_type": 8}}, {"pk": 32, "model": "auth.permission", "fields": {"codename": "change_event", "name": "Can change event", "content_type": 11}}, {"pk": 29, "model": "auth.permission", "fields": {"codename": "change_eventset", "name": "Can change event set", "content_type": 10}}, {"pk": 41, "model": "auth.permission", "fields": {"codename": "change_systemlog", "name": "Can change system log", "content_type": 14}}, {"pk": 35, "model": "auth.permission", "fields": {"codename": "change_team", "name": "Can change team", "content_type": 12}}, {"pk": 38, "model": "auth.permission", "fields": {"codename": "change_teampost", "name": "Can change team post", "content_type": 13}}, {"pk": 26, "model": "auth.permission", "fields": {"codename": "change_userprofile", "name": "Can change user profile", "content_type": 9}}, {"pk": 24, "model": "auth.permission", "fields": {"codename": "delete_chapter", "name": "Can delete chapter", "content_type": 8}}, {"pk": 33, "model": "auth.permission", "fields": {"codename": "delete_event", "name": "Can delete event", "content_type": 11}}, {"pk": 30, "model": "auth.permission", "fields": {"codename": "delete_eventset", "name": "Can delete event set", "content_type": 10}}, {"pk": 42, "model": "auth.permission", "fields": {"codename": "delete_systemlog", "name": "Can delete system log", "content_type": 14}}, {"pk": 36, "model": "auth.permission", "fields": {"codename": "delete_team", "name": "Can delete team", "content_type": 12}}, {"pk": 39, "model": "auth.permission", "fields": {"codename": "delete_teampost", "name": "Can delete team post", "content_type": 13}}, {"pk": 27, "model": "auth.permission", "fields": {"codename": "delete_userprofile", "name": "Can delete user profile", "content_type": 9}}, {"pk": 19, "model": "auth.permission", "fields": {"codename": "add_session", "name": "Can add session", "content_type": 7}}, {"pk": 20, "model": "auth.permission", "fields": {"codename": "change_session", "name": "Can change session", "content_type": 7}}, {"pk": 21, "model": "auth.permission", "fields": {"codename": "delete_session", "name": "Can delete session", "content_type": 7}}, {"pk": 1, "model": "auth.user", "fields": {"username": "pindi", "first_name": "Pindi", "last_name": "Albert", "is_active": true, "is_superuser": true, "is_staff": true, "last_login": "2010-01-06 20:50:20", "groups": [], "user_permissions": [], "password": "sha1$e0959$82206b23054fe2f5ec974a3a40180fbd80a5b34d", "email": "pindi.albert@gmail.com", "date_joined": "2009-11-28 20:06:53"}}, {"pk": 2, "model": "auth.user", "fields": {"username": "admin", "first_name": "Admin", "last_name": "", "is_active": true, "is_superuser": true, "is_staff": true, "last_login": "2010-01-06 20:47:58", "groups": [], "user_permissions": [], "password": "sha1$b5d78$bf51eee99424acb7a35b89915dec75eac5faf506", "email": "", "date_joined": "2009-12-21 16:53:27"}}, {"pk": 11, "model": "admin.logentry", "fields": {"action_flag": 1, "action_time": "2010-01-06 20:49:44", "object_repr": "UserProfile object", "object_id": "2", "change_message": "", "user": 2, "content_type": 9}}, {"pk": 10, "model": "admin.logentry", "fields": {"action_flag": 1, "action_time": "2010-01-06 20:49:21", "object_repr": "UserProfile object", "object_id": "1", "change_message": "", "user": 2, "content_type": 9}}, {"pk": 9, "model": "admin.logentry", "fields": {"action_flag": 1, "action_time": "2010-01-06 20:49:00", "object_repr": "Park Forest MS", "object_id": "3", "change_message": "", "user": 2, "content_type": 8}}, {"pk": 8, "model": "admin.logentry", "fields": {"action_flag": 1, "action_time": "2010-01-06 20:48:39", "object_repr": "State High 11/12", "object_id": "2", "change_message": "", "user": 2, "content_type": 8}}, {"pk": 7, "model": "admin.logentry", "fields": {"action_flag": 1, "action_time": "2010-01-06 20:48:23", "object_repr": "State High 9/10", "object_id": "1", "change_message": "", "user": 2, "content_type": 8}}, {"pk": 6, "model": "admin.logentry", "fields": {"action_flag": 2, "action_time": "2010-01-06 18:59:42", "object_repr": "pindi", "object_id": "1", "change_message": "Changed is_superuser.", "user": 1, "content_type": 3}}, {"pk": 5, "model": "admin.logentry", "fields": {"action_flag": 2, "action_time": "2009-12-21 16:53:38", "object_repr": "admin", "object_id": "2", "change_message": "Changed is_superuser.", "user": 1, "content_type": 3}}, {"pk": 4, "model": "admin.logentry", "fields": {"action_flag": 1, "action_time": "2009-12-21 16:53:27", "object_repr": "admin", "object_id": "2", "change_message": "", "user": 1, "content_type": 3}}, {"pk": 3, "model": "admin.logentry", "fields": {"action_flag": 2, "action_time": "2009-11-28 20:41:32", "object_repr": "pindi", "object_id": "1", "change_message": "Changed first_name and last_name.", "user": 1, "content_type": 3}}, {"pk": 2, "model": "admin.logentry", "fields": {"action_flag": 1, "action_time": "2009-11-28 20:38:18", "object_repr": "UserProfile object", "object_id": "1", "change_message": "", "user": 1, "content_type": 9}}, {"pk": 1, "model": "admin.logentry", "fields": {"action_flag": 1, "action_time": "2009-11-28 20:36:21", "object_repr": "Chapter object", "object_id": "1", "change_message": "", "user": 1, "content_type": 8}}, {"pk": 8, "model": "contenttypes.contenttype", "fields": {"model": "chapter", "name": "chapter", "app_label": "events"}}, {"pk": 6, "model": "contenttypes.contenttype", "fields": {"model": "contenttype", "name": "content type", "app_label": "contenttypes"}}, {"pk": 11, "model": "contenttypes.contenttype", "fields": {"model": "event", "name": "event", "app_label": "events"}}, {"pk": 10, "model": "contenttypes.contenttype", "fields": {"model": "eventset", "name": "event set", "app_label": "events"}}, {"pk": 2, "model": "contenttypes.contenttype", "fields": {"model": "group", "name": "group", "app_label": "auth"}}, {"pk": 5, "model": "contenttypes.contenttype", "fields": {"model": "logentry", "name": "log entry", "app_label": "admin"}}, {"pk": 4, "model": "contenttypes.contenttype", "fields": {"model": "message", "name": "message", "app_label": "auth"}}, {"pk": 1, "model": "contenttypes.contenttype", "fields": {"model": "permission", "name": "permission", "app_label": "auth"}}, {"pk": 7, "model": "contenttypes.contenttype", "fields": {"model": "session", "name": "session", "app_label": "sessions"}}, {"pk": 14, "model": "contenttypes.contenttype", "fields": {"model": "systemlog", "name": "system log", "app_label": "events"}}, {"pk": 12, "model": "contenttypes.contenttype", "fields": {"model": "team", "name": "team", "app_label": "events"}}, {"pk": 13, "model": "contenttypes.contenttype", "fields": {"model": "teampost", "name": "team post", "app_label": "events"}}, {"pk": 3, "model": "contenttypes.contenttype", "fields": {"model": "user", "name": "user", "app_label": "auth"}}, {"pk": 9, "model": "contenttypes.contenttype", "fields": {"model": "userprofile", "name": "user profile", "app_label": "events"}}, {"pk": "c1fee80c53274013e535d6b5ee8e26a2", "model": "sessions.session", "fields": {"expire_date": "2009-12-12 20:34:11", "session_data": "gAJ9cQEoVRJfYXV0aF91c2VyX2JhY2tlbmRxAlUpZGphbmdvLmNvbnRyaWIuYXV0aC5iYWNrZW5k\ncy5Nb2RlbEJhY2tlbmRxA1UNX2F1dGhfdXNlcl9pZHEESwF1LmJiZGIyMzU4MjIyY2UxYzkyMjhi\nZGQ1N2NhNTg5ZDQy\n"}}, {"pk": "ef5bf8cab76d93cffdb82d77b823a834", "model": "sessions.session", "fields": {"expire_date": "2010-01-05 16:22:26", "session_data": "gAJ9cQEoVRJfYXV0aF91c2VyX2JhY2tlbmRxAlUpZGphbmdvLmNvbnRyaWIuYXV0aC5iYWNrZW5k\ncy5Nb2RlbEJhY2tlbmRxA1UNX2F1dGhfdXNlcl9pZHEESwJVDURJU0FCTEVfQURNSU5xBYl1LjM5\nMjY5MGRmOTU3MWFhMDFmNjM1MmMxZDYwNGQyMzc5\n"}}, {"pk": "eaa35a7ad67c537c2059914cffec490e", "model": "sessions.session", "fields": {"expire_date": "2010-01-20 20:50:20", "session_data": "gAJ9cQEoVRJfYXV0aF91c2VyX2JhY2tlbmRxAlUpZGphbmdvLmNvbnRyaWIuYXV0aC5iYWNrZW5k\ncy5Nb2RlbEJhY2tlbmRxA1UNX2F1dGhfdXNlcl9pZHEESwF1LmJiZGIyMzU4MjIyY2UxYzkyMjhi\nZGQ1N2NhNTg5ZDQy\n"}}, {"pk": 1, "model": "events.chapter", "fields": {"event_set": 1, "register_open": true, "name": "State High 9/10", "locked_events": []}}, {"pk": 2, "model": "events.chapter", "fields": {"event_set": 1, "register_open": true, "name": "State High 11/12", "locked_events": []}}, {"pk": 3, "model": "events.chapter", "fields": {"event_set": 2, "register_open": true, "name": "Park Forest MS", "locked_events": []}}, {"pk": 1, "model": "events.userprofile", "fields": {"chapter": 2, "notify_email": 0, "indi_id": "", "is_member": true, "posts_email": 0, "is_admin": true, "user": 1}}, {"pk": 2, "model": "events.userprofile", "fields": {"chapter": null, "notify_email": 0, "indi_id": "", "is_member": false, "posts_email": 0, "is_admin": false, "user": 2}}, {"pk": 1, "model": "events.eventset", "fields": {"state": "PA", "region": "Region 8", "level": "HS"}}, {"pk": 2, "model": "events.eventset", "fields": {"state": "PA", "region": "Region 8", "level": "MS"}}, {"pk": 1, "model": "events.event", "fields": {"team_size": 6, "name": "Agriculture and Biotechnology Design ", "short_name": "Ag & Biotech", "event_set": 1, "entry_locked": false, "entrants": [], "is_team": true, "max_state": 2, "min_team_size": 1, "max_region": 4, "max_nation": -3, "entry_locked_senior": false}}, {"pk": 2, "model": "events.event", "fields": {"team_size": 3, "name": "Animatronics ", "short_name": "Animatronics", "event_set": 1, "entry_locked": false, "entrants": [], "is_team": true, "max_state": 2, "min_team_size": 1, "max_region": 0, "max_nation": 1, "entry_locked_senior": false}}, {"pk": 3, "model": "events.event", "fields": {"team_size": 6, "name": "Architectural Model ", "short_name": "Arch Model", "event_set": 1, "entry_locked": false, "entrants": [], "is_team": true, "max_state": -1, "min_team_size": 1, "max_region": 4, "max_nation": 1, "entry_locked_senior": false}}, {"pk": 4, "model": "events.event", "fields": {"team_size": 1, "name": "Career Comparisons ", "short_name": "Career Comp", "event_set": 1, "entry_locked": false, "entrants": [], "is_team": false, "max_state": 2, "min_team_size": 1, "max_region": 0, "max_nation": 1, "entry_locked_senior": false}}, {"pk": 5, "model": "events.event", "fields": {"team_size": 6, "name": "Chapter Team ", "short_name": "Chapter Team", "event_set": 1, "entry_locked": false, "entrants": [], "is_team": true, "max_state": 1, "min_team_size": 1, "max_region": 0, "max_nation": 1, "entry_locked_senior": false}}, {"pk": 6, "model": "events.event", "fields": {"team_size": 1, "name": "CAD Animation Architectural ", "short_name": "CAD Anim Arch", "event_set": 1, "entry_locked": false, "entrants": [], "is_team": false, "max_state": 3, "min_team_size": 1, "max_region": 3, "max_nation": -2, "entry_locked_senior": false}}, {"pk": 7, "model": "events.event", "fields": {"team_size": 1, "name": "CAD Animation Engineering ", "short_name": "CAD Anim Eng", "event_set": 1, "entry_locked": false, "entrants": [], "is_team": false, "max_state": 3, "min_team_size": 1, "max_region": 3, "max_nation": -2, "entry_locked_senior": false}}, {"pk": 8, "model": "events.event", "fields": {"team_size": 2, "name": "Construction Systems ", "short_name": "Const Systems", "event_set": 1, "entry_locked": false, "entrants": [], "is_team": true, "max_state": 2, "min_team_size": 1, "max_region": 0, "max_nation": 1, "entry_locked_senior": false}}, {"pk": 9, "model": "events.event", "fields": {"team_size": 5, "name": "Cyberspace Pursuit ", "short_name": "Cyberspace Pur", "event_set": 1, "entry_locked": false, "entrants": [], "is_team": true, "max_state": 1, "min_team_size": 1, "max_region": 3, "max_nation": 1, "entry_locked_senior": false}}, {"pk": 10, "model": "events.event", "fields": {"team_size": 2, "name": "Debating Technological Issues", "short_name": "Debating Tech", "event_set": 1, "entry_locked": false, "entrants": [], "is_team": true, "max_state": 1, "min_team_size": 1, "max_region": 0, "max_nation": -2, "entry_locked_senior": false}}, {"pk": 11, "model": "events.event", "fields": {"team_size": 1, "name": "Desktop Publishing ", "short_name": "Desktop Pub", "event_set": 1, "entry_locked": false, "entrants": [], "is_team": false, "max_state": -1, "min_team_size": 1, "max_region": 3, "max_nation": -1, "entry_locked_senior": false}}, {"pk": 12, "model": "events.event", "fields": {"team_size": 1, "name": "Dragster Design ", "short_name": "Dragster Design", "event_set": 1, "entry_locked": false, "entrants": [], "is_team": false, "max_state": -1, "min_team_size": 1, "max_region": 7, "max_nation": 2, "entry_locked_senior": false}}, {"pk": 13, "model": "events.event", "fields": {"team_size": 6, "name": "Electronic Game Design", "short_name": "Elect Game Design", "event_set": 1, "entry_locked": false, "entrants": [], "is_team": true, "max_state": 2, "min_team_size": 1, "max_region": 4, "max_nation": -3, "entry_locked_senior": false}}, {"pk": 14, "model": "events.event", "fields": {"team_size": 6, "name": "Electronic Research and Experimentation ", "short_name": "Elect Res & Exp", "event_set": 1, "entry_locked": false, "entrants": [], "is_team": true, "max_state": 2, "min_team_size": 1, "max_region": 0, "max_nation": 1, "entry_locked_senior": false}}, {"pk": 15, "model": "events.event", "fields": {"team_size": 5, "name": "Engineering Design ", "short_name": "Eng Design", "event_set": 1, "entry_locked": false, "entrants": [], "is_team": true, "max_state": 2, "min_team_size": 1, "max_region": 3, "max_nation": 1, "entry_locked_senior": false}}, {"pk": 16, "model": "events.event", "fields": {"team_size": 1, "name": "Essays on Technology", "short_name": "Essays on Tech", "event_set": 1, "entry_locked": false, "entrants": [], "is_team": false, "max_state": 1, "min_team_size": 1, "max_region": 0, "max_nation": -3, "entry_locked_senior": false}}, {"pk": 17, "model": "events.event", "fields": {"team_size": 1, "name": "Extemporaneous Presentation ", "short_name": "Extemp Pres", "event_set": 1, "entry_locked": false, "entrants": [], "is_team": false, "max_state": -1, "min_team_size": 1, "max_region": 5, "max_nation": -3, "entry_locked_senior": false}}, {"pk": 18, "model": "events.event", "fields": {"team_size": 4, "name": "Fashion Design", "short_name": "Fashion Design", "event_set": 1, "entry_locked": false, "entrants": [], "is_team": true, "max_state": 2, "min_team_size": 1, "max_region": 2, "max_nation": 1, "entry_locked_senior": false}}, {"pk": 19, "model": "events.event", "fields": {"team_size": 6, "name": "Film ", "short_name": "Film", "event_set": 1, "entry_locked": false, "entrants": [], "is_team": true, "max_state": 1, "min_team_size": 1, "max_region": 3, "max_nation": -3, "entry_locked_senior": false}}, {"pk": 20, "model": "events.event", "fields": {"team_size": 1, "name": "Future Technology Teacher", "short_name": "Future Tech Teacher", "event_set": 1, "entry_locked": false, "entrants": [], "is_team": false, "max_state": 2, "min_team_size": 1, "max_region": 0, "max_nation": 3, "entry_locked_senior": false}}, {"pk": 21, "model": "events.event", "fields": {"team_size": 1, "name": "Flight Endurance ", "short_name": "Flight End", "event_set": 1, "entry_locked": false, "entrants": [], "is_team": false, "max_state": 2, "min_team_size": 1, "max_region": 5, "max_nation": 2, "entry_locked_senior": false}}, {"pk": 22, "model": "events.event", "fields": {"team_size": 1, "name": "Imaging Technology ", "short_name": "Imaging Tech", "event_set": 1, "entry_locked": false, "entrants": [], "is_team": false, "max_state": -1, "min_team_size": 1, "max_region": 5, "max_nation": 1, "entry_locked_senior": false}}, {"pk": 23, "model": "events.event", "fields": {"team_size": 6, "name": "Manufacturing Prototype ", "short_name": "Manufact Prototype", "event_set": 1, "entry_locked": false, "entrants": [], "is_team": true, "max_state": 2, "min_team_size": 1, "max_region": 5, "max_nation": 1, "entry_locked_senior": false}}, {"pk": 24, "model": "events.event", "fields": {"team_size": 6, "name": "Medical Technology ", "short_name": "Medical Tech", "event_set": 1, "entry_locked": false, "entrants": [], "is_team": true, "max_state": 1, "min_team_size": 1, "max_region": 5, "max_nation": -3, "entry_locked_senior": false}}, {"pk": 25, "model": "events.event", "fields": {"team_size": 6, "name": "Music Production", "short_name": "Music Production", "event_set": 1, "entry_locked": false, "entrants": [], "is_team": true, "max_state": 2, "min_team_size": 1, "max_region": 0, "max_nation": -3, "entry_locked_senior": false}}, {"pk": 26, "model": "events.event", "fields": {"team_size": 6, "name": "On Demand Video", "short_name": "On Demand Video", "event_set": 1, "entry_locked": false, "entrants": [], "is_team": true, "max_state": 1, "min_team_size": 1, "max_region": 3, "max_nation": 0, "entry_locked_senior": false}}, {"pk": 27, "model": "events.event", "fields": {"team_size": 1, "name": "Prepared Presentation ", "short_name": "Prepared Pres", "event_set": 1, "entry_locked": false, "entrants": [], "is_team": false, "max_state": -1, "min_team_size": 1, "max_region": 5, "max_nation": -3, "entry_locked_senior": false}}, {"pk": 28, "model": "events.event", "fields": {"team_size": 1, "name": "Promotional Graphics ", "short_name": "Promo Graphics", "event_set": 1, "entry_locked": false, "entrants": [], "is_team": false, "max_state": 1, "min_team_size": 1, "max_region": 5, "max_nation": 2, "entry_locked_senior": false}}, {"pk": 29, "model": "events.event", "fields": {"team_size": 2, "name": "Radio Controlled Transportation ", "short_name": "RC Transport", "event_set": 1, "entry_locked": false, "entrants": [], "is_team": true, "max_state": 2, "min_team_size": 1, "max_region": 0, "max_nation": 1, "entry_locked_senior": false}}, {"pk": 30, "model": "events.event", "fields": {"team_size": 6, "name": "SciViz ", "short_name": "SciViz", "event_set": 1, "entry_locked": false, "entrants": [], "is_team": true, "max_state": 2, "min_team_size": 1, "max_region": 0, "max_nation": -3, "entry_locked_senior": false}}, {"pk": 31, "model": "events.event", "fields": {"team_size": 2, "name": "Structural Engineering ", "short_name": "Struct Engineering", "event_set": 1, "entry_locked": false, "entrants": [], "is_team": true, "max_state": -1, "min_team_size": 1, "max_region": 4, "max_nation": 1, "entry_locked_senior": false}}, {"pk": 32, "model": "events.event", "fields": {"team_size": 3, "name": "System Control Technology ", "short_name": "System Control", "event_set": 1, "entry_locked": false, "entrants": [], "is_team": true, "max_state": 1, "min_team_size": 1, "max_region": 2, "max_nation": -1, "entry_locked_senior": false}}, {"pk": 33, "model": "events.event", "fields": {"team_size": 1, "name": "Technical Sketching and Application ", "short_name": "Tech Sketching", "event_set": 1, "entry_locked": false, "entrants": [], "is_team": false, "max_state": 2, "min_team_size": 1, "max_region": 0, "max_nation": 2, "entry_locked_senior": false}}, {"pk": 34, "model": "events.event", "fields": {"team_size": 3, "name": "Technology Bowl ", "short_name": "Tech Bowl", "event_set": 1, "entry_locked": false, "entrants": [], "is_team": true, "max_state": 2, "min_team_size": 1, "max_region": 3, "max_nation": 1, "entry_locked_senior": false}}, {"pk": 35, "model": "events.event", "fields": {"team_size": 2, "name": "Technology Dare", "short_name": "Tech Dare", "event_set": 1, "entry_locked": false, "entrants": [], "is_team": true, "max_state": -1, "min_team_size": 1, "max_region": 3, "max_nation": 1, "entry_locked_senior": false}}, {"pk": 36, "model": "events.event", "fields": {"team_size": 2, "name": "Technology Problem Solving ", "short_name": "Problem Solving", "event_set": 1, "entry_locked": false, "entrants": [], "is_team": true, "max_state": -1, "min_team_size": 1, "max_region": 4, "max_nation": 1, "entry_locked_senior": false}}, {"pk": 37, "model": "events.event", "fields": {"team_size": 1, "name": "Transportation Modeling ", "short_name": "Trans Modeling", "event_set": 1, "entry_locked": false, "entrants": [], "is_team": false, "max_state": 2, "min_team_size": 1, "max_region": 5, "max_nation": 1, "entry_locked_senior": false}}, {"pk": 38, "model": "events.event", "fields": {"team_size": 1, "name": "PA CAD 2D Architecture", "short_name": "PA CAD 2D Arch", "event_set": 1, "entry_locked": false, "entrants": [], "is_team": false, "max_state": 1, "min_team_size": 1, "max_region": 3, "max_nation": 0, "entry_locked_senior": false}}, {"pk": 39, "model": "events.event", "fields": {"team_size": 1, "name": "PA CAD 3D Engineering", "short_name": "PA CAD 3D Eng", "event_set": 1, "entry_locked": false, "entrants": [], "is_team": false, "max_state": 1, "min_team_size": 1, "max_region": 3, "max_nation": 0, "entry_locked_senior": false}}, {"pk": 40, "model": "events.event", "fields": {"team_size": 2, "name": "PA Computer Systems Troubleshooting ", "short_name": "PA Comp Sys Troub", "event_set": 1, "entry_locked": false, "entrants": [], "is_team": true, "max_state": 2, "min_team_size": 1, "max_region": 0, "max_nation": 0, "entry_locked_senior": false}}, {"pk": 41, "model": "events.event", "fields": {"team_size": 1, "name": "PA Material Process ", "short_name": "PA Mat Process", "event_set": 1, "entry_locked": false, "entrants": [], "is_team": false, "max_state": 2, "min_team_size": 1, "max_region": 5, "max_nation": 0, "entry_locked_senior": false}}, {"pk": 42, "model": "events.event", "fields": {"team_size": 2, "name": "PA RC Vehicle ", "short_name": "PA RC Vehicle", "event_set": 1, "entry_locked": false, "entrants": [], "is_team": true, "max_state": 1, "min_team_size": 1, "max_region": 0, "max_nation": 0, "entry_locked_senior": false}}, {"pk": 43, "model": "events.event", "fields": {"team_size": 1, "name": "PA Safety Illustration Computer Graphics ", "short_name": "PA Safety Illus", "event_set": 1, "entry_locked": false, "entrants": [], "is_team": false, "max_state": 1, "min_team_size": 1, "max_region": 5, "max_nation": 0, "entry_locked_senior": false}}, {"pk": 44, "model": "events.event", "fields": {"team_size": 1, "name": "PA Stencil Logo Design ", "short_name": "PA Stencil Logo", "event_set": 1, "entry_locked": false, "entrants": [], "is_team": false, "max_state": 2, "min_team_size": 1, "max_region": 0, "max_nation": 0, "entry_locked_senior": false}}, {"pk": 45, "model": "events.event", "fields": {"team_size": 1, "name": "Biomedical Research Essay", "short_name": "Biomed Essay", "event_set": 1, "entry_locked": false, "entrants": [], "is_team": false, "max_state": -1, "min_team_size": 1, "max_region": 5, "max_nation": 0, "entry_locked_senior": false}}, {"pk": 46, "model": "events.event", "fields": {"team_size": 6, "name": "Agriculture and Biotechnology Design ", "short_name": "Ag & Biotech", "event_set": 2, "entry_locked": false, "entrants": [], "is_team": true, "max_state": 2, "min_team_size": 1, "max_region": 4, "max_nation": -3, "entry_locked_senior": false}}, {"pk": 47, "model": "events.event", "fields": {"team_size": 1, "name": "Career Prep", "short_name": "Career Prep", "event_set": 2, "entry_locked": false, "entrants": [], "is_team": false, "max_state": 2, "min_team_size": 1, "max_region": 5, "max_nation": 1, "entry_locked_senior": false}}, {"pk": 48, "model": "events.event", "fields": {"team_size": 2, "name": "Challenging Technology Issues", "short_name": "Chall Tech Issues", "event_set": 2, "entry_locked": false, "entrants": [], "is_team": true, "max_state": -1, "min_team_size": 1, "max_region": 4, "max_nation": -3, "entry_locked_senior": false}}, {"pk": 49, "model": "events.event", "fields": {"team_size": 3, "name": "Chapter Team", "short_name": "Chapter Team", "event_set": 2, "entry_locked": false, "entrants": [], "is_team": true, "max_state": 1, "min_team_size": 1, "max_region": 0, "max_nation": 1, "entry_locked_senior": false}}, {"pk": 50, "model": "events.event", "fields": {"team_size": 1, "name": "Communication Challenge", "short_name": "Comm Chall", "event_set": 2, "entry_locked": false, "entrants": [], "is_team": false, "max_state": 2, "min_team_size": 1, "max_region": 5, "max_nation": 1, "entry_locked_senior": false}}, {"pk": 51, "model": "events.event", "fields": {"team_size": 6, "name": "Construction Challenge", "short_name": "Construct Chall", "event_set": 2, "entry_locked": false, "entrants": [], "is_team": true, "max_state": 2, "min_team_size": 1, "max_region": 4, "max_nation": 1, "entry_locked_senior": false}}, {"pk": 52, "model": "events.event", "fields": {"team_size": 1, "name": "Digital Photography", "short_name": "Dig Photog", "event_set": 2, "entry_locked": false, "entrants": [], "is_team": false, "max_state": 1, "min_team_size": 1, "max_region": 5, "max_nation": -3, "entry_locked_senior": false}}, {"pk": 53, "model": "events.event", "fields": {"team_size": 1, "name": "Dragster", "short_name": "Dragster", "event_set": 2, "entry_locked": false, "entrants": [], "is_team": false, "max_state": -1, "min_team_size": 1, "max_region": 8, "max_nation": 2, "entry_locked_senior": false}}, {"pk": 54, "model": "events.event", "fields": {"team_size": 6, "name": "Electronic Gaming", "short_name": "Elect Gaming", "event_set": 2, "entry_locked": false, "entrants": [], "is_team": true, "max_state": 2, "min_team_size": 1, "max_region": 5, "max_nation": 1, "entry_locked_senior": false}}, {"pk": 55, "model": "events.event", "fields": {"team_size": 3, "name": "Engineering Structure", "short_name": "Eng Structure", "event_set": 2, "entry_locked": false, "entrants": [], "is_team": true, "max_state": -1, "min_team_size": 1, "max_region": 5, "max_nation": 1, "entry_locked_senior": false}}, {"pk": 56, "model": "events.event", "fields": {"team_size": 6, "name": "Environmental Focus", "short_name": "Env Focus", "event_set": 2, "entry_locked": false, "entrants": [], "is_team": true, "max_state": 2, "min_team_size": 1, "max_region": 4, "max_nation": 1, "entry_locked_senior": false}}, {"pk": 57, "model": "events.event", "fields": {"team_size": 2, "name": "Flight", "short_name": "Flight", "event_set": 2, "entry_locked": false, "entrants": [], "is_team": true, "max_state": 2, "min_team_size": 1, "max_region": 8, "max_nation": 2, "entry_locked_senior": false}}, {"pk": 58, "model": "events.event", "fields": {"team_size": 6, "name": "Global Manufacturing", "short_name": "Glob Manuf", "event_set": 2, "entry_locked": false, "entrants": [], "is_team": true, "max_state": 1, "min_team_size": 1, "max_region": 0, "max_nation": 1, "entry_locked_senior": false}}, {"pk": 59, "model": "events.event", "fields": {"team_size": 6, "name": "Go Green Manufacturing", "short_name": "Green Manuf", "event_set": 2, "entry_locked": false, "entrants": [], "is_team": true, "max_state": 1, "min_team_size": 1, "max_region": 4, "max_nation": 1, "entry_locked_senior": false}}, {"pk": 60, "model": "events.event", "fields": {"team_size": 2, "name": "Graphic Design", "short_name": "Graphic Design", "event_set": 2, "entry_locked": false, "entrants": [], "is_team": true, "max_state": 1, "min_team_size": 1, "max_region": 5, "max_nation": 2, "entry_locked_senior": false}}, {"pk": 61, "model": "events.event", "fields": {"team_size": 6, "name": "Inventions and Innovations", "short_name": "Inv and Innov", "event_set": 2, "entry_locked": false, "entrants": [], "is_team": true, "max_state": 2, "min_team_size": 1, "max_region": 3, "max_nation": 1, "entry_locked_senior": false}}, {"pk": 62, "model": "events.event", "fields": {"team_size": 3, "name": "Leadership Strategies", "short_name": "Lead Strategies", "event_set": 2, "entry_locked": false, "entrants": [], "is_team": true, "max_state": 1, "min_team_size": 1, "max_region": 3, "max_nation": 1, "entry_locked_senior": false}}, {"pk": 63, "model": "events.event", "fields": {"team_size": 6, "name": "Lights, Camera, Action", "short_name": "Lights, Camera", "event_set": 2, "entry_locked": false, "entrants": [], "is_team": true, "max_state": 1, "min_team_size": 1, "max_region": 3, "max_nation": -3, "entry_locked_senior": false}}, {"pk": 64, "model": "events.event", "fields": {"team_size": 6, "name": "Medical Technology Issues", "short_name": "Med Tech", "event_set": 2, "entry_locked": false, "entrants": [], "is_team": true, "max_state": 2, "min_team_size": 1, "max_region": 4, "max_nation": -3, "entry_locked_senior": false}}, {"pk": 65, "model": "events.event", "fields": {"team_size": 1, "name": "Multimedia Production", "short_name": "Multi Present", "event_set": 2, "entry_locked": false, "entrants": [], "is_team": false, "max_state": 1, "min_team_size": 1, "max_region": 5, "max_nation": 1, "entry_locked_senior": false}}, {"pk": 66, "model": "events.event", "fields": {"team_size": 1, "name": "Prepared Speech", "short_name": "Prep Speech", "event_set": 2, "entry_locked": false, "entrants": [], "is_team": false, "max_state": -1, "min_team_size": 1, "max_region": 3, "max_nation": 1, "entry_locked_senior": false}}, {"pk": 67, "model": "events.event", "fields": {"team_size": 2, "name": "Problem Solving", "short_name": "Prob Solving", "event_set": 2, "entry_locked": false, "entrants": [], "is_team": true, "max_state": -1, "min_team_size": 1, "max_region": 3, "max_nation": 1, "entry_locked_senior": false}}, {"pk": 68, "model": "events.event", "fields": {"team_size": 2, "name": "Robot TOBOR", "short_name": "Robot TOBOR", "event_set": 2, "entry_locked": false, "entrants": [], "is_team": true, "max_state": 1, "min_team_size": 1, "max_region": 0, "max_nation": 1, "entry_locked_senior": false}}, {"pk": 69, "model": "events.event", "fields": {"team_size": 3, "name": "System Control Technology", "short_name": "Sys Control", "event_set": 2, "entry_locked": false, "entrants": [], "is_team": true, "max_state": 1, "min_team_size": 1, "max_region": 4, "max_nation": -1, "entry_locked_senior": false}}, {"pk": 70, "model": "events.event", "fields": {"team_size": 3, "name": "Technology Bowl", "short_name": "Tech Bowl", "event_set": 2, "entry_locked": false, "entrants": [], "is_team": true, "max_state": 2, "min_team_size": 1, "max_region": 4, "max_nation": 1, "entry_locked_senior": false}}, {"pk": 71, "model": "events.event", "fields": {"team_size": 1, "name": "Technical Drawing", "short_name": "Tech Drawing", "event_set": 2, "entry_locked": false, "entrants": [], "is_team": false, "max_state": 2, "min_team_size": 1, "max_region": 3, "max_nation": 2, "entry_locked_senior": false}}, {"pk": 72, "model": "events.event", "fields": {"team_size": 2, "name": "Techno Talk", "short_name": "Tech Talk", "event_set": 2, "entry_locked": false, "entrants": [], "is_team": true, "max_state": 1, "min_team_size": 1, "max_region": 2, "max_nation": -2, "entry_locked_senior": false}}, {"pk": 73, "model": "events.event", "fields": {"team_size": 1, "name": "Transportation Challenge", "short_name": "Trans Chall", "event_set": 2, "entry_locked": false, "entrants": [], "is_team": false, "max_state": 1, "min_team_size": 1, "max_region": 3, "max_nation": 2, "entry_locked_senior": false}}, {"pk": 74, "model": "events.event", "fields": {"team_size": 6, "name": "TSA Cup: Marine Design", "short_name": "Marine Design", "event_set": 2, "entry_locked": false, "entrants": [], "is_team": true, "max_state": 1, "min_team_size": 1, "max_region": 4, "max_nation": 1, "entry_locked_senior": false}}, {"pk": 75, "model": "events.event", "fields": {"team_size": 5, "name": "Website Design", "short_name": "Web Design", "event_set": 2, "entry_locked": false, "entrants": [], "is_team": true, "max_state": 1, "min_team_size": 1, "max_region": 4, "max_nation": 1, "entry_locked_senior": false}}, {"pk": 76, "model": "events.event", "fields": {"team_size": 1, "name": "Technical Writing", "short_name": "Tech Writing", "event_set": 2, "entry_locked": false, "entrants": [], "is_team": false, "max_state": 1, "min_team_size": 1, "max_region": 5, "max_nation": -3, "entry_locked_senior": false}}, {"pk": 77, "model": "events.event", "fields": {"team_size": 1, "name": "Electrical Applications", "short_name": "Elect Applic", "event_set": 2, "entry_locked": false, "entrants": [], "is_team": false, "max_state": 2, "min_team_size": 1, "max_region": 5, "max_nation": 2, "entry_locked_senior": false}}, {"pk": 78, "model": "events.event", "fields": {"team_size": 1, "name": "PA Computer Aided Drafting and Design", "short_name": "PA CADD", "event_set": 2, "entry_locked": false, "entrants": [], "is_team": false, "max_state": 2, "min_team_size": 1, "max_region": 3, "max_nation": 0, "entry_locked_senior": false}}, {"pk": 79, "model": "events.event", "fields": {"team_size": 1, "name": "PA Delta Dart", "short_name": "PA Delta Dart", "event_set": 2, "entry_locked": false, "entrants": [], "is_team": false, "max_state": 5, "min_team_size": 1, "max_region": 0, "max_nation": 0, "entry_locked_senior": false}}, {"pk": 80, "model": "events.event", "fields": {"team_size": 1, "name": "PA Digital Photography", "short_name": "PA Dig Photo", "event_set": 2, "entry_locked": false, "entrants": [], "is_team": false, "max_state": 4, "min_team_size": 1, "max_region": 0, "max_nation": 0, "entry_locked_senior": false}}, {"pk": 81, "model": "events.event", "fields": {"team_size": 2, "name": "PA Digital Video Challenge", "short_name": "PA Dig Video", "event_set": 2, "entry_locked": false, "entrants": [], "is_team": true, "max_state": 1, "min_team_size": 1, "max_region": 4, "max_nation": 0, "entry_locked_senior": false}}, {"pk": 82, "model": "events.event", "fields": {"team_size": 1, "name": "PA Materials Process", "short_name": "PA Mat Proc", "event_set": 2, "entry_locked": false, "entrants": [], "is_team": false, "max_state": 2, "min_team_size": 1, "max_region": 5, "max_nation": 0, "entry_locked_senior": false}}, {"pk": 83, "model": "events.event", "fields": {"team_size": 2, "name": "PA Mechanical Challenge", "short_name": "PA Mech Chall", "event_set": 2, "entry_locked": false, "entrants": [], "is_team": true, "max_state": 1, "min_team_size": 1, "max_region": 4, "max_nation": 0, "entry_locked_senior": false}}, {"pk": 84, "model": "events.event", "fields": {"team_size": 2, "name": "PA RC Vehicle", "short_name": "PA RC Vehicle", "event_set": 2, "entry_locked": false, "entrants": [], "is_team": true, "max_state": 1, "min_team_size": 1, "max_region": 0, "max_nation": 0, "entry_locked_senior": false}}, {"pk": 85, "model": "events.event", "fields": {"team_size": 1, "name": "PA Safety Illustration Computer Generated", "short_name": "PA Safety Illus", "event_set": 2, "entry_locked": false, "entrants": [], "is_team": false, "max_state": 1, "min_team_size": 1, "max_region": 5, "max_nation": 0, "entry_locked_senior": false}}, {"pk": 86, "model": "events.event", "fields": {"team_size": 1, "name": "PA Stencil Logo Design", "short_name": "PA Stencil Logo", "event_set": 2, "entry_locked": false, "entrants": [], "is_team": false, "max_state": 2, "min_team_size": 1, "max_region": 0, "max_nation": 0, "entry_locked_senior": false}}, {"pk": 87, "model": "events.event", "fields": {"team_size": 1, "name": "Biomedical Research Essay", "short_name": "Biomed Essay", "event_set": 2, "entry_locked": false, "entrants": [], "is_team": false, "max_state": -1, "min_team_size": 1, "max_region": 5, "max_nation": 0, "entry_locked_senior": false}}, {"pk": 1, "model": "events.systemlog", "fields": {"chapter": null, "affected": 2, "read": false, "text": "Admin  updated the lock status of 3 events.", "user": 2, "date": "2009-12-21 17:21:26", "type": "admin_lock"}}, {"pk": 2, "model": "events.systemlog", "fields": {"chapter": null, "affected": 1, "read": false, "text": "Pindi Albert created a new <a href=\"/teams/1\">Animatronics  team</a>.", "user": 1, "date": "2010-01-06 18:53:28", "type": "team_create"}}]
